{"cameraMode":{"drawMode":0,"name":"Shaded","section":"Shading Mode"},"sceneLighting":false,"audioPlay":false,"sceneViewState":{"showFog":true,"showMaterialUpdate":false,"showSkybox":false,"showFlares":true,"showImageEffects":true,"showParticleSystems":true,"showVisualEffectGraphs":true,"m_FxEnabled":true},"in2DMode":false,"pivot":{"x":-1.862645149230957e-9,"y":-0.09810343384742737,"z":1.862645149230957e-9},"rotation":{"x":0.7038130164146423,"y":0.07821009308099747,"z":-0.07844680547714234,"w":0.7017049789428711},"size":0.5762802362442017,"orthographic":true}