{"cameraMode":{"drawMode":0,"name":"Shaded","section":"Shading Mode"},"sceneLighting":false,"audioPlay":false,"sceneViewState":{"showFog":true,"showMaterialUpdate":false,"showSkybox":false,"showFlares":true,"showImageEffects":true,"showParticleSystems":true,"showVisualEffectGraphs":true,"m_FxEnabled":true},"in2DMode":false,"pivot":{"x":0.005711032543331385,"y":0.5437272787094116,"z":-0.3880915939807892},"rotation":{"x":0.2646009922027588,"y":0.03040708415210247,"z":-0.008279750123620034,"w":0.9639308452606201},"size":1.361992597579956,"orthographic":false}