{"cameraMode":{"drawMode":0,"name":"Shaded","section":"Shading Mode"},"sceneLighting":false,"audioPlay":false,"sceneViewState":{"showFog":true,"showMaterialUpdate":false,"showSkybox":false,"showFlares":true,"showImageEffects":true,"showParticleSystems":true},"in2DMode":false,"pivot":{"x":-0.019999980926513673,"y":0.039999961853027347,"z":-0.6399998664855957},"rotation":{"x":0.12323222309350968,"y":0.864273190498352,"z":-0.2568725347518921,"w":0.4146108627319336},"size":8.293245315551758,"orthographic":false}