{"cameraMode":{"drawMode":0,"name":"Shaded","section":"Shading Mode"},"sceneLighting":false,"audioPlay":false,"sceneViewState":{"showFog":true,"showMaterialUpdate":false,"showSkybox":true,"showFlares":true,"showImageEffects":true,"showParticleSystems":true},"in2DMode":false,"pivot":{"x":-3.2580108642578127,"y":0.02197265625,"z":-2.82330322265625},"rotation":{"x":0.12323222309350968,"y":0.864273190498352,"z":-0.2568725347518921,"w":0.4146108627319336},"size":126.30855560302735,"orthographic":false}